{"polyfill":["/polyfill-b5034672c272dc95ac10.js"],"app":["/app-d5e763419d6c9bb5fbc1.js"],"component---src-pages-404-js":["/component---src-pages-404-js-bd5811948f37ef480fa7.js"],"component---src-pages-about-js":["/component---src-pages-about-js-4d50b045028829a444e5.js"],"component---src-pages-contact-js":["/component---src-pages-contact-js-fe335ca37d0745119270.js"],"component---src-templates-blog-list-template-js":["/component---src-templates-blog-list-template-js-d9faf2af3add3fb87b02.js"],"component---src-templates-blog-post-js":["/component---src-templates-blog-post-js-e1e03894d56103d03248.js"]}