{"errors":[],"warnings":["chunk styles [mini-css-extract-plugin]\nConflicting order. Following module has been added:\n * css ./node_modules/css-loader??ref--12-oneOf-0-1!./node_modules/postcss-loader/src??postcss-1!./src/components/bio.module.css\ndespite it was not able to fulfill desired ordering with these modules:\n * css ./node_modules/css-loader??ref--12-oneOf-0-1!./node_modules/postcss-loader/src??postcss-1!./src/components/layout.module.css\n   - couldn't fulfill desired order of chunk group(s) component---src-templates-blog-list-template-js, component---src-templates-blog-post-js\n   - while fulfilling desired order of chunk group(s) component---src-pages-about-js, component---src-pages-contact-js","chunk styles [mini-css-extract-plugin]\nConflicting order. Following module has been added:\n * css ./node_modules/css-loader??ref--12-oneOf-0-1!./node_modules/postcss-loader/src??postcss-1!./src/components/layout.module.css\ndespite it was not able to fulfill desired ordering with these modules:\n * css ./node_modules/css-loader??ref--12-oneOf-0-1!./node_modules/postcss-loader/src??postcss-1!./src/components/sidebar.module.css\n   - couldn't fulfill desired order of chunk group(s) component---src-pages-about-js, component---src-pages-contact-js\n   - while fulfilling desired order of chunk group(s) component---src-templates-blog-list-template-js, component---src-templates-blog-post-js"],"namedChunkGroups":{"polyfill":{"chunks":[3,0,11],"assets":["webpack-runtime-15502268db61ffd67ea7.js","webpack-runtime-15502268db61ffd67ea7.js.map","commons-9ab4d7f09bfd42bc2f16.js","commons-9ab4d7f09bfd42bc2f16.js.map","polyfill-b5034672c272dc95ac10.js","polyfill-b5034672c272dc95ac10.js.map"],"children":{},"childAssets":{}},"app":{"chunks":[3,1,10,4],"assets":["webpack-runtime-15502268db61ffd67ea7.js","webpack-runtime-15502268db61ffd67ea7.js.map","styles.415a7d125993ae616162.css","styles-c2fe8482057191dca484.js","styles-c2fe8482057191dca484.js.map","framework-e04409e0f0e9453e3831.js","framework-e04409e0f0e9453e3831.js.map","app-d5e763419d6c9bb5fbc1.js","app-d5e763419d6c9bb5fbc1.js.map"],"children":{},"childAssets":{}},"component---src-pages-404-js":{"chunks":[1,0,5],"assets":["styles.415a7d125993ae616162.css","styles-c2fe8482057191dca484.js","styles-c2fe8482057191dca484.js.map","commons-9ab4d7f09bfd42bc2f16.js","commons-9ab4d7f09bfd42bc2f16.js.map","component---src-pages-404-js-bd5811948f37ef480fa7.js","component---src-pages-404-js-bd5811948f37ef480fa7.js.map"],"children":{},"childAssets":{}},"component---src-pages-about-js":{"chunks":[1,0,2,6],"assets":["styles.415a7d125993ae616162.css","styles-c2fe8482057191dca484.js","styles-c2fe8482057191dca484.js.map","commons-9ab4d7f09bfd42bc2f16.js","commons-9ab4d7f09bfd42bc2f16.js.map","de9e53477e3cefcb3f011fd480c58d7b98a6dfbe-19244f97484521bb8ddc.js","de9e53477e3cefcb3f011fd480c58d7b98a6dfbe-19244f97484521bb8ddc.js.map","component---src-pages-about-js-4d50b045028829a444e5.js","component---src-pages-about-js-4d50b045028829a444e5.js.map"],"children":{},"childAssets":{}},"component---src-pages-contact-js":{"chunks":[1,0,2,7],"assets":["styles.415a7d125993ae616162.css","styles-c2fe8482057191dca484.js","styles-c2fe8482057191dca484.js.map","commons-9ab4d7f09bfd42bc2f16.js","commons-9ab4d7f09bfd42bc2f16.js.map","de9e53477e3cefcb3f011fd480c58d7b98a6dfbe-19244f97484521bb8ddc.js","de9e53477e3cefcb3f011fd480c58d7b98a6dfbe-19244f97484521bb8ddc.js.map","component---src-pages-contact-js-fe335ca37d0745119270.js","component---src-pages-contact-js-fe335ca37d0745119270.js.map"],"children":{},"childAssets":{}},"component---src-templates-blog-list-template-js":{"chunks":[1,0,2,8],"assets":["styles.415a7d125993ae616162.css","styles-c2fe8482057191dca484.js","styles-c2fe8482057191dca484.js.map","commons-9ab4d7f09bfd42bc2f16.js","commons-9ab4d7f09bfd42bc2f16.js.map","de9e53477e3cefcb3f011fd480c58d7b98a6dfbe-19244f97484521bb8ddc.js","de9e53477e3cefcb3f011fd480c58d7b98a6dfbe-19244f97484521bb8ddc.js.map","component---src-templates-blog-list-template-js-d9faf2af3add3fb87b02.js","component---src-templates-blog-list-template-js-d9faf2af3add3fb87b02.js.map"],"children":{},"childAssets":{}},"component---src-templates-blog-post-js":{"chunks":[1,0,2,9],"assets":["styles.415a7d125993ae616162.css","styles-c2fe8482057191dca484.js","styles-c2fe8482057191dca484.js.map","commons-9ab4d7f09bfd42bc2f16.js","commons-9ab4d7f09bfd42bc2f16.js.map","de9e53477e3cefcb3f011fd480c58d7b98a6dfbe-19244f97484521bb8ddc.js","de9e53477e3cefcb3f011fd480c58d7b98a6dfbe-19244f97484521bb8ddc.js.map","component---src-templates-blog-post-js-e1e03894d56103d03248.js","component---src-templates-blog-post-js-e1e03894d56103d03248.js.map"],"children":{},"childAssets":{}}},"assetsByChunkName":{"polyfill":["webpack-runtime-15502268db61ffd67ea7.js","commons-9ab4d7f09bfd42bc2f16.js","polyfill-b5034672c272dc95ac10.js"],"app":["webpack-runtime-15502268db61ffd67ea7.js","styles.415a7d125993ae616162.css","styles-c2fe8482057191dca484.js","framework-e04409e0f0e9453e3831.js","app-d5e763419d6c9bb5fbc1.js"],"component---src-pages-404-js":["styles.415a7d125993ae616162.css","styles-c2fe8482057191dca484.js","commons-9ab4d7f09bfd42bc2f16.js","component---src-pages-404-js-bd5811948f37ef480fa7.js"],"component---src-pages-about-js":["styles.415a7d125993ae616162.css","styles-c2fe8482057191dca484.js","commons-9ab4d7f09bfd42bc2f16.js","de9e53477e3cefcb3f011fd480c58d7b98a6dfbe-19244f97484521bb8ddc.js","component---src-pages-about-js-4d50b045028829a444e5.js"],"component---src-pages-contact-js":["styles.415a7d125993ae616162.css","styles-c2fe8482057191dca484.js","commons-9ab4d7f09bfd42bc2f16.js","de9e53477e3cefcb3f011fd480c58d7b98a6dfbe-19244f97484521bb8ddc.js","component---src-pages-contact-js-fe335ca37d0745119270.js"],"component---src-templates-blog-list-template-js":["styles.415a7d125993ae616162.css","styles-c2fe8482057191dca484.js","commons-9ab4d7f09bfd42bc2f16.js","de9e53477e3cefcb3f011fd480c58d7b98a6dfbe-19244f97484521bb8ddc.js","component---src-templates-blog-list-template-js-d9faf2af3add3fb87b02.js"],"component---src-templates-blog-post-js":["styles.415a7d125993ae616162.css","styles-c2fe8482057191dca484.js","commons-9ab4d7f09bfd42bc2f16.js","de9e53477e3cefcb3f011fd480c58d7b98a6dfbe-19244f97484521bb8ddc.js","component---src-templates-blog-post-js-e1e03894d56103d03248.js"]}}